Environment,Seed,Noise_Type,Attack_Type,Highest_Score,Best_Epoch,Original_Log_Path
door-expert-v0,0,Adversarial,act,104.0342,60,Full_Scale_Experiments/seed_0_adversarial_act/door-expert-v0/WT_RDT_door-expert-v0_adv_act_0_20260428125228_51d26a67-0749-4caa-9a48-bc8e4bae04ea
door-expert-v0,1,Adversarial,act,103.6621,20,Full_Scale_Experiments/seed_1_adversarial_act/door-expert-v0/WT_RDT_door-expert-v0_adv_act_1_20260428125229_b6575323-0629-4eb6-8ac9-1f9f705f87e9
door-expert-v0,0,Adversarial,obs,104.9228,80,Full_Scale_Experiments/seed_0_adversarial_obs/door-expert-v0/WT_RDT_door-expert-v0_adv_obs_0_20260428122237_25f4da07-09b7-411e-986b-42bd530eb8ce
door-expert-v0,1,Adversarial,obs,105.1805,50,Full_Scale_Experiments/seed_1_adversarial_obs/door-expert-v0/WT_RDT_door-expert-v0_adv_obs_1_20260428122238_81c65593-69bd-4f82-86b9-5ef31eea8999
door-expert-v0,0,Adversarial,rew,104.2841,70,Full_Scale_Experiments/seed_0_adversarial_rew/door-expert-v0/WT_RDT_door-expert-v0_adv_rew_0_20260428132006_e60d03f8-e177-494b-a5e8-1d6221180ac3
door-expert-v0,1,Adversarial,rew,104.8977,40,Full_Scale_Experiments/seed_1_adversarial_rew/door-expert-v0/WT_RDT_door-expert-v0_adv_rew_1_20260428132007_c92543dc-81a3-4deb-a08b-b1165514a754
door-expert-v0,0,Random,act,105.3619,90,Full_Scale_Experiments/seed_0_random_act/door-expert-v0/WT_RDT_door-expert-v0_rnd_act_0_20260428111821_2cb0ace8-6fd1-443f-be3b-9a483bbb356e
door-expert-v0,1,Random,act,104.9857,20,Full_Scale_Experiments/seed_1_random_act/door-expert-v0/WT_RDT_door-expert-v0_rnd_act_1_20260428111822_4f22b6e0-c40f-40a6-9ae3-e73362e810b8
door-expert-v0,0,Random,obs,104.6448,100,Full_Scale_Experiments/seed_0_random_obs/door-expert-v0/WT_RDT_door-expert-v0_rnd_obs_0_20260428104814_e1ab41a2-0d7f-4122-b2dd-f50767db4b01
door-expert-v0,1,Random,obs,104.8818,70,Full_Scale_Experiments/seed_1_random_obs/door-expert-v0/WT_RDT_door-expert-v0_rnd_obs_1_20260428104815_278d4b70-2235-4e8e-9ac1-68f5bdd4123a
door-expert-v0,0,Random,rew,104.489,100,Full_Scale_Experiments/seed_0_random_rew/door-expert-v0/WT_RDT_door-expert-v0_rnd_rew_0_20260428114443_b4dc108b-fba8-4d57-b957-2aaec62211f6
door-expert-v0,1,Random,rew,105.2561,40,Full_Scale_Experiments/seed_1_random_rew/door-expert-v0/WT_RDT_door-expert-v0_rnd_rew_1_20260428114444_1a9d308e-3456-4d5c-a7eb-165432f249cf
halfcheetah-medium-replay-v2,0,Adversarial,act,32.8866,90,Full_Scale_Experiments/seed_0_adversarial_act/halfcheetah-medium-replay-v2/WT_RDT_halfcheetah-medium-replay-v2_adv_act_0_20260428185623_603a7e7c-1d6a-438d-8b2c-ccd6ed948231
halfcheetah-medium-replay-v2,1,Adversarial,act,33.3655,70,Full_Scale_Experiments/seed_1_adversarial_act/halfcheetah-medium-replay-v2/WT_RDT_halfcheetah-medium-replay-v2_adv_act_1_20260428185624_5ee62935-e104-427b-9e1b-7fd55b65b8dc
halfcheetah-medium-replay-v2,0,Adversarial,obs,19.1708,80,Full_Scale_Experiments/seed_0_adversarial_obs/halfcheetah-medium-replay-v2/WT_RDT_halfcheetah-medium-replay-v2_adv_obs_0_20260428175122_bdbb6ba2-448c-426f-b823-3be72355b118
halfcheetah-medium-replay-v2,1,Adversarial,obs,14.9739,60,Full_Scale_Experiments/seed_1_adversarial_obs/halfcheetah-medium-replay-v2/WT_RDT_halfcheetah-medium-replay-v2_adv_obs_1_20260428175123_d7eb8cf9-7ea0-4720-8f69-ebffa40227d7
halfcheetah-medium-replay-v2,0,Adversarial,rew,39.2896,70,Full_Scale_Experiments/seed_0_adversarial_rew/halfcheetah-medium-replay-v2/WT_RDT_halfcheetah-medium-replay-v2_adv_rew_0_20260428195848_1b379d0f-7d27-4f9d-9a26-8bb8bda26950
halfcheetah-medium-replay-v2,1,Adversarial,rew,38.5935,100,Full_Scale_Experiments/seed_1_adversarial_rew/halfcheetah-medium-replay-v2/WT_RDT_halfcheetah-medium-replay-v2_adv_rew_1_20260428195849_f5289cc2-75d3-4c25-96aa-be4cfcbd924e
halfcheetah-medium-replay-v2,0,Random,act,35.3642,100,Full_Scale_Experiments/seed_0_random_act/halfcheetah-medium-replay-v2/WT_RDT_halfcheetah-medium-replay-v2_rnd_act_0_20260428145549_430858dc-b800-45fa-baba-03198596d638
halfcheetah-medium-replay-v2,1,Random,act,31.0221,70,Full_Scale_Experiments/seed_1_random_act/halfcheetah-medium-replay-v2/WT_RDT_halfcheetah-medium-replay-v2_rnd_act_1_20260428145550_69f69813-f727-427d-9210-e0fec37a0fbe
halfcheetah-medium-replay-v2,0,Random,obs,16.1275,90,Full_Scale_Experiments/seed_0_random_obs/halfcheetah-medium-replay-v2/WT_RDT_halfcheetah-medium-replay-v2_rnd_obs_0_20260428135107_b1acb776-20a4-4d17-bb70-7b3136875ff4
halfcheetah-medium-replay-v2,1,Random,obs,18.7464,50,Full_Scale_Experiments/seed_1_random_obs/halfcheetah-medium-replay-v2/WT_RDT_halfcheetah-medium-replay-v2_rnd_obs_1_20260428135108_46007b7b-e380-4bce-bcad-a501ba8380cb
halfcheetah-medium-replay-v2,0,Random,rew,39.125,60,Full_Scale_Experiments/seed_0_random_rew/halfcheetah-medium-replay-v2/WT_RDT_halfcheetah-medium-replay-v2_rnd_rew_0_20260428160049_f63cee68-43c0-4c37-9e83-d840043c5970
halfcheetah-medium-replay-v2,1,Random,rew,37.6321,70,Full_Scale_Experiments/seed_1_random_rew/halfcheetah-medium-replay-v2/WT_RDT_halfcheetah-medium-replay-v2_rnd_rew_1_20260428160050_310e6fb4-b59b-4131-93fe-aa2f39aa3f40
hammer-expert-v0,0,Adversarial,act,124.3307,50,Full_Scale_Experiments/seed_0_adversarial_act/hammer-expert-v0/WT_RDT_hammer-expert-v0_adv_act_0_20260428235936_16e4b556-d86e-428a-9fd3-d80e9c0c5f3a
hammer-expert-v0,1,Adversarial,act,124.153,90,Full_Scale_Experiments/seed_1_adversarial_act/hammer-expert-v0/WT_RDT_hammer-expert-v0_adv_act_1_20260428235937_85c4a7c5-dca9-4122-82aa-4bdb1d1a56a8
hammer-expert-v0,0,Adversarial,obs,126.7546,100,Full_Scale_Experiments/seed_0_adversarial_obs/hammer-expert-v0/WT_RDT_hammer-expert-v0_adv_obs_0_20260428232927_75e43f6b-4623-47ae-b1cf-a4af5a3f0e6e
hammer-expert-v0,1,Adversarial,obs,127.7616,80,Full_Scale_Experiments/seed_1_adversarial_obs/hammer-expert-v0/WT_RDT_hammer-expert-v0_adv_obs_1_20260428232928_b50d3436-1a06-4772-b816-98f18f2db409
hammer-expert-v0,0,Adversarial,rew,128.059,70,Full_Scale_Experiments/seed_0_adversarial_rew/hammer-expert-v0/WT_RDT_hammer-expert-v0_adv_rew_0_20260429003105_37d8e7f7-1743-424a-91ab-8e1152411406
hammer-expert-v0,1,Adversarial,rew,128.1065,70,Full_Scale_Experiments/seed_1_adversarial_rew/hammer-expert-v0/WT_RDT_hammer-expert-v0_adv_rew_1_20260429003106_66bdebb2-4545-4fba-944d-1c0f28a8e2d2
hammer-expert-v0,0,Random,act,125.741,100,Full_Scale_Experiments/seed_0_random_act/hammer-expert-v0/WT_RDT_hammer-expert-v0_rnd_act_0_20260428221941_4184c541-9555-457f-9b6f-cb14442cccc0
hammer-expert-v0,1,Random,act,100.0089,40,Full_Scale_Experiments/seed_1_random_act/hammer-expert-v0/WT_RDT_hammer-expert-v0_rnd_act_1_20260428221942_fac3dcfd-eaeb-45cc-a307-113942cc3146
hammer-expert-v0,0,Random,obs,126.238,100,Full_Scale_Experiments/seed_0_random_obs/hammer-expert-v0/WT_RDT_hammer-expert-v0_rnd_obs_0_20260428214937_f3672d77-377e-4511-b2c6-02febe6a8cb0
hammer-expert-v0,1,Random,obs,126.6175,70,Full_Scale_Experiments/seed_1_random_obs/hammer-expert-v0/WT_RDT_hammer-expert-v0_rnd_obs_1_20260428214938_befcb08f-6d5b-4750-b8db-7b3db061a4f8
hammer-expert-v0,0,Random,rew,126.4926,60,Full_Scale_Experiments/seed_0_random_rew/hammer-expert-v0/WT_RDT_hammer-expert-v0_rnd_rew_0_20260428225128_8cb17e48-2724-4d16-9a17-00fce18a0f51
hammer-expert-v0,1,Random,rew,127.9071,70,Full_Scale_Experiments/seed_1_random_rew/hammer-expert-v0/WT_RDT_hammer-expert-v0_rnd_rew_1_20260428225129_19bfe697-ff0c-4000-bd68-1f9e7b9e5fd9
hopper-medium-replay-v2,0,Adversarial,act,53.4588,80,Full_Scale_Experiments/seed_0_adversarial_act/hopper-medium-replay-v2/WT_RDT_hopper-medium-replay-v2_adv_act_0_20260429032649_e40930af-5eb0-4f3c-86ff-52d1944b3ac5
hopper-medium-replay-v2,1,Adversarial,act,47.4398,60,Full_Scale_Experiments/seed_1_adversarial_act/hopper-medium-replay-v2/WT_RDT_hopper-medium-replay-v2_adv_act_1_20260429032650_f49dd3a7-311a-4c03-a7ea-c4e128018f2b
hopper-medium-replay-v2,0,Adversarial,obs,54.5221,30,Full_Scale_Experiments/seed_0_adversarial_obs/hopper-medium-replay-v2/WT_RDT_hopper-medium-replay-v2_adv_obs_0_20260429025122_2e29ca2b-2260-4ab2-91ef-4123871567ec
hopper-medium-replay-v2,1,Adversarial,obs,51.4674,30,Full_Scale_Experiments/seed_1_adversarial_obs/hopper-medium-replay-v2/WT_RDT_hopper-medium-replay-v2_adv_obs_1_20260429025123_2e8e46aa-460b-4d1a-83ec-66507ee46995
hopper-medium-replay-v2,0,Adversarial,rew,64.0434,90,Full_Scale_Experiments/seed_0_adversarial_rew/hopper-medium-replay-v2/WT_RDT_hopper-medium-replay-v2_adv_rew_0_20260429035533_ef9e72d6-df08-47af-8de7-c78ed28af2ee
hopper-medium-replay-v2,1,Adversarial,rew,63.7757,40,Full_Scale_Experiments/seed_1_adversarial_rew/hopper-medium-replay-v2/WT_RDT_hopper-medium-replay-v2_adv_rew_1_20260429035534_444c1840-42c5-4f56-a78f-b39591355d7c
hopper-medium-replay-v2,0,Random,act,51.2826,20,Full_Scale_Experiments/seed_0_random_act/hopper-medium-replay-v2/WT_RDT_hopper-medium-replay-v2_rnd_act_0_20260429013809_b6099e57-a9cc-44b1-8e40-c6a12e039be1
hopper-medium-replay-v2,1,Random,act,44.9983,90,Full_Scale_Experiments/seed_1_random_act/hopper-medium-replay-v2/WT_RDT_hopper-medium-replay-v2_rnd_act_1_20260429013810_b7053f36-2ee2-409d-8cf6-617ead934ec8
hopper-medium-replay-v2,0,Random,obs,52.2046,50,Full_Scale_Experiments/seed_0_random_obs/hopper-medium-replay-v2/WT_RDT_hopper-medium-replay-v2_rnd_obs_0_20260429010330_7a0fd7c8-550c-4b5b-9499-d1042c03c79c
hopper-medium-replay-v2,1,Random,obs,52.0019,80,Full_Scale_Experiments/seed_1_random_obs/hopper-medium-replay-v2/WT_RDT_hopper-medium-replay-v2_rnd_obs_1_20260429010331_d619db81-9b88-4622-8382-b30f61f40558
hopper-medium-replay-v2,0,Random,rew,58.4577,90,Full_Scale_Experiments/seed_0_random_rew/hopper-medium-replay-v2/WT_RDT_hopper-medium-replay-v2_rnd_rew_0_20260429020725_5c1ed42d-3395-4b47-9195-5c154337b333
hopper-medium-replay-v2,1,Random,rew,52.2418,70,Full_Scale_Experiments/seed_1_random_rew/hopper-medium-replay-v2/WT_RDT_hopper-medium-replay-v2_rnd_rew_1_20260429020726_08d6bdf6-4a17-4e99-acee-07895add998d
kitchen-complete-v0,0,Adversarial,act,37.5,100,Full_Scale_Experiments/seed_0_adversarial_act/kitchen-complete-v0/WT_RDT_kitchen-complete-v0_adv_act_0_20260429070135_65ba8c3d-df71-445d-98ea-20e2d6281eeb
kitchen-complete-v0,1,Adversarial,act,32.5,90,Full_Scale_Experiments/seed_1_adversarial_act/kitchen-complete-v0/WT_RDT_kitchen-complete-v0_adv_act_1_20260429070136_cf129f68-6a33-47ef-baea-31b78bebc56e
kitchen-complete-v0,0,Adversarial,obs,75.0,20,Full_Scale_Experiments/seed_0_adversarial_obs/kitchen-complete-v0/WT_RDT_kitchen-complete-v0_adv_obs_0_20260429062757_46b5b517-ebf6-4594-8d99-caf4ea366a78
kitchen-complete-v0,1,Adversarial,obs,82.5,40,Full_Scale_Experiments/seed_1_adversarial_obs/kitchen-complete-v0/WT_RDT_kitchen-complete-v0_adv_obs_1_20260429062758_ee2ab102-f30a-4934-a53e-d51904d9f6eb
kitchen-complete-v0,0,Adversarial,rew,100.0,40,Full_Scale_Experiments/seed_0_adversarial_rew/kitchen-complete-v0/WT_RDT_kitchen-complete-v0_adv_rew_0_20260429073649_99dbc511-7d2b-4ce9-89a9-234bca2917ba
kitchen-complete-v0,1,Adversarial,rew,90.0,40,Full_Scale_Experiments/seed_1_adversarial_rew/kitchen-complete-v0/WT_RDT_kitchen-complete-v0_adv_rew_1_20260429073650_88f1bb07-4b35-43f1-9769-0eae3ad70837
kitchen-complete-v0,0,Random,act,55.0,40,Full_Scale_Experiments/seed_0_random_act/kitchen-complete-v0/WT_RDT_kitchen-complete-v0_rnd_act_0_20260429051533_e2b4484c-339b-40b9-8777-3cd9a0b46392
kitchen-complete-v0,1,Random,act,62.5,60,Full_Scale_Experiments/seed_1_random_act/kitchen-complete-v0/WT_RDT_kitchen-complete-v0_rnd_act_1_20260429051534_59d8729f-f2a2-4a10-95d3-0ea78cb385c1
kitchen-complete-v0,0,Random,obs,65.0,20,Full_Scale_Experiments/seed_0_random_obs/kitchen-complete-v0/WT_RDT_kitchen-complete-v0_rnd_obs_0_20260429044129_8670b4d8-69a8-46a5-9646-ef24a9d15203
kitchen-complete-v0,1,Random,obs,70.0,40,Full_Scale_Experiments/seed_1_random_obs/kitchen-complete-v0/WT_RDT_kitchen-complete-v0_rnd_obs_1_20260429044130_8c930592-de8a-4915-a983-c25e0de39e60
kitchen-complete-v0,0,Random,rew,95.0,70,Full_Scale_Experiments/seed_0_random_rew/kitchen-complete-v0/WT_RDT_kitchen-complete-v0_rnd_rew_0_20260429054740_22add533-d6b5-4559-bff3-52fd33ca4508
kitchen-complete-v0,1,Random,rew,80.0,30,Full_Scale_Experiments/seed_1_random_rew/kitchen-complete-v0/WT_RDT_kitchen-complete-v0_rnd_rew_1_20260429054741_2b4c413b-4b06-4187-a607-cbcc2eca3a96
kitchen-mixed-v0,0,Adversarial,act,57.5,50,Full_Scale_Experiments/seed_0_adversarial_act/kitchen-mixed-v0/WT_RDT_kitchen-mixed-v0_adv_act_0_20260429102534_507f7425-272e-4ad1-961e-bace9caf9842
kitchen-mixed-v0,1,Adversarial,act,52.5,70,Full_Scale_Experiments/seed_1_adversarial_act/kitchen-mixed-v0/WT_RDT_kitchen-mixed-v0_adv_act_1_20260429102535_e3051334-b9ce-4e18-b989-e765efc8edd6
kitchen-mixed-v0,0,Adversarial,obs,70.0,90,Full_Scale_Experiments/seed_0_adversarial_obs/kitchen-mixed-v0/WT_RDT_kitchen-mixed-v0_adv_obs_0_20260429095223_2c094f2a-9283-4ab6-a616-d89f0aa81486
kitchen-mixed-v0,1,Adversarial,obs,57.5,30,Full_Scale_Experiments/seed_1_adversarial_obs/kitchen-mixed-v0/WT_RDT_kitchen-mixed-v0_adv_obs_1_20260429095224_197e6b26-3879-4ba3-a2b5-e883c39a18f6
kitchen-mixed-v0,0,Adversarial,rew,65.0,90,Full_Scale_Experiments/seed_0_adversarial_rew/kitchen-mixed-v0/WT_RDT_kitchen-mixed-v0_adv_rew_0_20260429105238_6632dcad-4545-4d7f-a6ba-48f52f1d5706
kitchen-mixed-v0,1,Adversarial,rew,57.5,50,Full_Scale_Experiments/seed_1_adversarial_rew/kitchen-mixed-v0/WT_RDT_kitchen-mixed-v0_adv_rew_1_20260429105239_31e335a3-5845-4875-a5ba-ac287427e706
kitchen-mixed-v0,0,Random,act,62.5,40,Full_Scale_Experiments/seed_0_random_act/kitchen-mixed-v0/WT_RDT_kitchen-mixed-v0_rnd_act_0_20260429084937_49a3ee9f-9ad8-4487-90db-0bed68609935
kitchen-mixed-v0,1,Random,act,50.0,20,Full_Scale_Experiments/seed_1_random_act/kitchen-mixed-v0/WT_RDT_kitchen-mixed-v0_rnd_act_1_20260429084938_3aba096b-93ab-4090-bf6a-643ca3124675
kitchen-mixed-v0,0,Random,obs,67.5,50,Full_Scale_Experiments/seed_0_random_obs/kitchen-mixed-v0/WT_RDT_kitchen-mixed-v0_rnd_obs_0_20260429081639_8ec733ba-e386-4e3e-86b3-4bae862b0931
kitchen-mixed-v0,1,Random,obs,62.5,70,Full_Scale_Experiments/seed_1_random_obs/kitchen-mixed-v0/WT_RDT_kitchen-mixed-v0_rnd_obs_1_20260429081640_6fcfd1af-1c24-4941-a32a-3923d77c0942
kitchen-mixed-v0,0,Random,rew,60.0,90,Full_Scale_Experiments/seed_0_random_rew/kitchen-mixed-v0/WT_RDT_kitchen-mixed-v0_rnd_rew_0_20260429091641_de2efeb3-4155-4b6f-8360-2da5ed136734
kitchen-mixed-v0,1,Random,rew,55.0,60,Full_Scale_Experiments/seed_1_random_rew/kitchen-mixed-v0/WT_RDT_kitchen-mixed-v0_rnd_rew_1_20260429091642_9aded387-4787-412c-bc0a-6b94bb7eff96
kitchen-partial-v0,0,Adversarial,act,62.5,90,Full_Scale_Experiments/seed_0_adversarial_act/kitchen-partial-v0/WT_RDT_kitchen-partial-v0_adv_act_0_20260429133805_1480eca2-bfca-4c37-b926-c7275cccc143
kitchen-partial-v0,1,Adversarial,act,65.0,100,Full_Scale_Experiments/seed_1_adversarial_act/kitchen-partial-v0/WT_RDT_kitchen-partial-v0_adv_act_1_20260429133806_3d8617ed-2fcf-48f9-9dcb-1240118e9425
kitchen-partial-v0,0,Adversarial,obs,70.0,90,Full_Scale_Experiments/seed_0_adversarial_obs/kitchen-partial-v0/WT_RDT_kitchen-partial-v0_adv_obs_0_20260429130432_85464b5f-9b84-477f-9c68-503c991d90a4
kitchen-partial-v0,1,Adversarial,obs,75.0,100,Full_Scale_Experiments/seed_1_adversarial_obs/kitchen-partial-v0/WT_RDT_kitchen-partial-v0_adv_obs_1_20260429130433_4e937c61-37aa-4285-a397-e650b45991b4
kitchen-partial-v0,0,Adversarial,rew,67.5,60,Full_Scale_Experiments/seed_0_adversarial_rew/kitchen-partial-v0/WT_RDT_kitchen-partial-v0_adv_rew_0_20260429140507_9e9427f4-97e8-4553-9b04-99bd29acaf29
kitchen-partial-v0,1,Adversarial,rew,75.0,50,Full_Scale_Experiments/seed_1_adversarial_rew/kitchen-partial-v0/WT_RDT_kitchen-partial-v0_adv_rew_1_20260429140508_f9b3a05e-69ec-4b9d-ae2b-8c87e91787be
kitchen-partial-v0,0,Random,act,77.5,40,Full_Scale_Experiments/seed_0_random_act/kitchen-partial-v0/WT_RDT_kitchen-partial-v0_rnd_act_0_20260429120153_8bb87ce4-88c3-46d2-9bbf-e78ca1d85f1b
kitchen-partial-v0,1,Random,act,62.5,50,Full_Scale_Experiments/seed_1_random_act/kitchen-partial-v0/WT_RDT_kitchen-partial-v0_rnd_act_1_20260429120154_e807e486-8ea0-4ce2-a7ab-8bafc5527987
kitchen-partial-v0,0,Random,obs,60.0,60,Full_Scale_Experiments/seed_0_random_obs/kitchen-partial-v0/WT_RDT_kitchen-partial-v0_rnd_obs_0_20260429112832_1ca0e91e-bc2c-4b38-b54b-73e5e67edbce
kitchen-partial-v0,1,Random,obs,67.5,90,Full_Scale_Experiments/seed_1_random_obs/kitchen-partial-v0/WT_RDT_kitchen-partial-v0_rnd_obs_1_20260429112833_ab0ab00c-f4a3-4ec5-b1b4-25b7662ecda4
kitchen-partial-v0,0,Random,rew,57.5,40,Full_Scale_Experiments/seed_0_random_rew/kitchen-partial-v0/WT_RDT_kitchen-partial-v0_rnd_rew_0_20260429122853_d0cac9da-c8d3-470c-8172-5463bdff9ca2
kitchen-partial-v0,1,Random,rew,72.5,90,Full_Scale_Experiments/seed_1_random_rew/kitchen-partial-v0/WT_RDT_kitchen-partial-v0_rnd_rew_1_20260429122854_01ef4c41-cfb3-4695-8fdb-114e203014d2
relocate-expert-v0,0,Adversarial,act,63.9458,90,Full_Scale_Experiments/seed_0_adversarial_act/relocate-expert-v0/WT_RDT_relocate-expert-v0_adv_act_0_20260429164833_9bd9128e-d01f-4dc6-9146-45152fbdfa7e
relocate-expert-v0,1,Adversarial,act,82.2405,50,Full_Scale_Experiments/seed_1_adversarial_act/relocate-expert-v0/WT_RDT_relocate-expert-v0_adv_act_1_20260429164834_71ebb969-40e3-4925-a160-af56bed9cb4d
relocate-expert-v0,0,Adversarial,obs,79.214,100,Full_Scale_Experiments/seed_0_adversarial_obs/relocate-expert-v0/WT_RDT_relocate-expert-v0_adv_obs_0_20260429161842_4a7f7d05-5006-489b-9da6-68a817503491
relocate-expert-v0,1,Adversarial,obs,77.3361,50,Full_Scale_Experiments/seed_1_adversarial_obs/relocate-expert-v0/WT_RDT_relocate-expert-v0_adv_obs_1_20260429161843_6cf35643-0d87-4cf7-98e9-a17e797ec805
relocate-expert-v0,0,Adversarial,rew,96.3727,100,Full_Scale_Experiments/seed_0_adversarial_rew/relocate-expert-v0/WT_RDT_relocate-expert-v0_adv_rew_0_20260429171813_e1a3267a-d9b0-4d2b-9136-487e9f09ece6
relocate-expert-v0,1,Adversarial,rew,84.1348,10,Full_Scale_Experiments/seed_1_adversarial_rew/relocate-expert-v0/WT_RDT_relocate-expert-v0_adv_rew_1_20260429171814_25ed0956-aca6-4eb1-b48c-6b202a8484c0
relocate-expert-v0,0,Random,act,93.4736,70,Full_Scale_Experiments/seed_0_random_act/relocate-expert-v0/WT_RDT_relocate-expert-v0_rnd_act_0_20260429151014_1802a965-1a69-4ca3-8b1a-0f482c7ca0a3
relocate-expert-v0,1,Random,act,86.2222,50,Full_Scale_Experiments/seed_1_random_act/relocate-expert-v0/WT_RDT_relocate-expert-v0_rnd_act_1_20260429151015_54fccff5-4dca-4062-8e40-66cca114589d
relocate-expert-v0,0,Random,obs,79.4004,90,Full_Scale_Experiments/seed_0_random_obs/relocate-expert-v0/WT_RDT_relocate-expert-v0_rnd_obs_0_20260429144015_3f7423e6-c001-4a48-b125-13d9a032f4ba
relocate-expert-v0,1,Random,obs,71.6397,50,Full_Scale_Experiments/seed_1_random_obs/relocate-expert-v0/WT_RDT_relocate-expert-v0_rnd_obs_1_20260429144016_0a4353ec-ae50-4a21-a948-588870a54959
relocate-expert-v0,0,Random,rew,78.6079,90,Full_Scale_Experiments/seed_0_random_rew/relocate-expert-v0/WT_RDT_relocate-expert-v0_rnd_rew_0_20260429154045_3b194196-c4b4-43c6-9f7d-237f3e719b9e
relocate-expert-v0,1,Random,rew,89.0415,100,Full_Scale_Experiments/seed_1_random_rew/relocate-expert-v0/WT_RDT_relocate-expert-v0_rnd_rew_1_20260429154046_7efa4c2d-4059-47bd-95dc-7efebddf2517
walker2d-medium-replay-v2,0,Adversarial,act,30.7734,20,Full_Scale_Experiments/seed_0_adversarial_act/walker2d-medium-replay-v2/WT_RDT_walker2d-medium-replay-v2_adv_act_0_20260429204728_3dd54a11-5dc9-4f93-a4c5-4ae440dd5607
walker2d-medium-replay-v2,1,Adversarial,act,36.4257,50,Full_Scale_Experiments/seed_1_adversarial_act/walker2d-medium-replay-v2/WT_RDT_walker2d-medium-replay-v2_adv_act_1_20260429204729_6b72ed5d-83cb-4f38-8329-8013fd9119a2
walker2d-medium-replay-v2,0,Adversarial,obs,48.1108,40,Full_Scale_Experiments/seed_0_adversarial_obs/walker2d-medium-replay-v2/WT_RDT_walker2d-medium-replay-v2_adv_obs_0_20260429200432_e2d57754-ed92-4bdf-9b39-a763dd11b255
walker2d-medium-replay-v2,1,Adversarial,obs,46.7861,30,Full_Scale_Experiments/seed_1_adversarial_obs/walker2d-medium-replay-v2/WT_RDT_walker2d-medium-replay-v2_adv_obs_1_20260429200433_c3daf34c-ccda-4db5-923f-b70dd42b0194
walker2d-medium-replay-v2,0,Adversarial,rew,53.9772,60,Full_Scale_Experiments/seed_0_adversarial_rew/walker2d-medium-replay-v2/WT_RDT_walker2d-medium-replay-v2_adv_rew_0_20260429211321_832403d8-47be-49a1-bdae-51f4298db60d
walker2d-medium-replay-v2,1,Adversarial,rew,54.5432,60,Full_Scale_Experiments/seed_1_adversarial_rew/walker2d-medium-replay-v2/WT_RDT_walker2d-medium-replay-v2_adv_rew_1_20260429211322_ee49df0c-831b-4354-9c86-98b6a8673b95
walker2d-medium-replay-v2,0,Random,act,52.2441,60,Full_Scale_Experiments/seed_0_random_act/walker2d-medium-replay-v2/WT_RDT_walker2d-medium-replay-v2_rnd_act_0_20260429183105_e44117aa-29df-44b3-9357-8199dc736d43
walker2d-medium-replay-v2,1,Random,act,50.092,40,Full_Scale_Experiments/seed_1_random_act/walker2d-medium-replay-v2/WT_RDT_walker2d-medium-replay-v2_rnd_act_1_20260429183106_86e16d4d-dd9b-4688-81d8-427b99237d6c
walker2d-medium-replay-v2,0,Random,obs,46.6492,100,Full_Scale_Experiments/seed_0_random_obs/walker2d-medium-replay-v2/WT_RDT_walker2d-medium-replay-v2_rnd_obs_0_20260429174925_2d895f52-8615-404e-b4e5-e230dd36c6ff
walker2d-medium-replay-v2,1,Random,obs,46.2956,40,Full_Scale_Experiments/seed_1_random_obs/walker2d-medium-replay-v2/WT_RDT_walker2d-medium-replay-v2_rnd_obs_1_20260429174926_e3a49397-be30-481f-9529-f3144a91f0ac
walker2d-medium-replay-v2,0,Random,rew,65.2694,60,Full_Scale_Experiments/seed_0_random_rew/walker2d-medium-replay-v2/WT_RDT_walker2d-medium-replay-v2_rnd_rew_0_20260429190058_323284d5-0de9-4253-b5c7-fb853ff51798
walker2d-medium-replay-v2,1,Random,rew,53.4509,80,Full_Scale_Experiments/seed_1_random_rew/walker2d-medium-replay-v2/WT_RDT_walker2d-medium-replay-v2_rnd_rew_1_20260429190059_04d9df03-aaac-4363-ac13-798197f4d0a2
